<?xml version="1.0" encoding="UTF-8"?>
<project-private xmlns="http://www.netbeans.org/ns/project-private/1">
    <data xmlns="http://www.netbeans.org/ns/make-project-private/1">
        <activeConfTypeElem>1</activeConfTypeElem>
        <activeConfIndexElem>0</activeConfIndexElem>
    </data>
    <open-files xmlns="http://www.netbeans.org/ns/projectui-open-files/2">
        <group>
            <file>file:/D:/anaro/Documents/Dictando/2023-2/Lenguaje%20de%20Programacion%201/Laboratorio%205/V-206/V-206/20203646/20203646_FUJIKI_ADRIAN_Lab05_2023_2/Lab05_FlotaCamiones/PilaConRegistros.cpp</file>
        </group>
    </open-files>
</project-private>
